Place ID,Name,Address,Phone,Website,Rating,Review Count,Latitude,Longitude,Google Maps
ChIJQ0ODJMMHzkwRAf_uAewP6B0,CanadaWheels,"222 Queen St, Ottawa, ON K1P 5E4, Canada",(800) 453-4484,http://www.canadawheels.ca/,4.7,5569.0,45.420266299999994,-75.7010334,https://maps.google.com/?cid=2154989928015920897&g_mp=Cidnb29nbGUubWFwcy5wbGFjZXMudjEuUGxhY2VzLlNlYXJjaFRleHQQAhgEIAA
ChIJHWqRhLwGzkwRcKdYiZP9WAY,Canadian Tire,"Carlingwood Shopping Centre, 2165 Carling Ave, Ottawa, ON K2A 1H2, Canada",(613) 725-3111,https://www.canadiantire.ca/en/store-details/on/ottawa-carling-ave-on-290.html?utm_source=google&utm_medium=lss&utm_content=290,4.2,4613.0,45.372205099999995,-75.77006589999999,https://maps.google.com/?cid=457394172284413808&g_mp=Cidnb29nbGUubWFwcy5wbGFjZXMudjEuUGxhY2VzLlNlYXJjaFRleHQQAhgEIAA
ChIJVz8vpn4FzkwREBHwjD9vJvc,Canadian Tire,"330 Coventry Rd, Ottawa, ON K1K 2C6, Canada",(613) 746-4303,https://www.canadiantire.ca/en/store-details/on/ottawa-east-on-174.html?utm_source=google&utm_medium=lss&utm_content=174,4.0,3267.0,45.420037699999995,-75.65029899999999,https://maps.google.com/?cid=17809044095221371152&g_mp=Cidnb29nbGUubWFwcy5wbGFjZXMudjEuUGxhY2VzLlNlYXJjaFRleHQQAhgEIAA
ChIJOX2eUgAGzkwR9MgvTeNGxXQ,Canadian Tire,"1170 Heron Rd, Ottawa, ON K1V 6B2, Canada",(613) 733-6776,https://www.canadiantire.ca/en/store-details/on/ottawa-south-on-210.html?utm_source=google&utm_medium=lss&utm_content=210,3.8,2501.0,45.377103299999995,-75.6683924,https://maps.google.com/?cid=8414209420878137588&g_mp=Cidnb29nbGUubWFwcy5wbGFjZXMudjEuUGxhY2VzLlNlYXJjaFRleHQQAhgEIAA
ChIJfcfthdAOzkwR9Pkv7NrsqOc,Mr. Tires Ottawa,"3210 Swansea Crescent #4, Ottawa, ON K1G 3W4, Canada",(613) 276-8698,http://mrtiresottawa.com/,4.7,1146.0,45.381666599999996,-75.6060322,https://maps.google.com/?cid=16692852443858336244&g_mp=Cidnb29nbGUubWFwcy5wbGFjZXMudjEuUGxhY2VzLlNlYXJjaFRleHQQAhgEIAA
ChIJ5bJ-_u8GzkwRyPrlDahnPFY,Mr. Lube + Tires,"1442 Baseline Rd, Ottawa, ON K2C 0B2, Canada",(343) 655-2920,https://www.mrlube.com/locations/42?utm_source=G&utm_medium=lpm&utm_campaign=MrLube,4.2,1094.0,45.3606076,-75.7400317,https://maps.google.com/?cid=6213955557349784264&g_mp=Cidnb29nbGUubWFwcy5wbGFjZXMudjEuUGxhY2VzLlNlYXJjaFRleHQQAhgEIAA
ChIJbUmqRa8IzkwRRks6qGI1lZo,Mr. Lube + Tires,"1841 Bank St, Ottawa, ON K1V 7Z6, Canada",(613) 733-8821,https://www.mrlube.com/locations/143?utm_source=G&utm_medium=lpm&utm_campaign=MrLube,4.3,1050.0,45.37099,-75.663394,https://maps.google.com/?cid=11138867951216249670&g_mp=Cidnb29nbGUubWFwcy5wbGFjZXMudjEuUGxhY2VzLlNlYXJjaFRleHQQAhgEIAA
ChIJB7lI6WEFzkwR4MvBWM9zVxg,Mr. Lube + Tires,"938 St. Laurent Blvd, Ottawa, ON K1K 3B3, Canada",(343) 303-0013,https://www.mrlube.com/locations/211?utm_source=G&utm_medium=lpm&utm_campaign=MrLube,4.3,861.0,45.430721,-75.641367,https://maps.google.com/?cid=1753997914268617696&g_mp=Cidnb29nbGUubWFwcy5wbGFjZXMudjEuUGxhY2VzLlNlYXJjaFRleHQQAhgEIAA
ChIJE2V4T0sEzkwRoTdc_j2GeT0,Midas,"450 Bronson Ave, Ottawa, ON K1R 6J6, Canada",(613) 702-1169,https://www.midas.com/store/on/ottawa/450-bronson-avenue-k1r-6j6/?shopnum=9010&utm_source=google&utm_medium=organic&utm_campaign=gbp,4.4,767.0,45.4080844,-75.70420519999999,https://maps.google.com/?cid=4429719309314176929&g_mp=Cidnb29nbGUubWFwcy5wbGFjZXMudjEuUGxhY2VzLlNlYXJjaFRleHQQAhgEIAA
ChIJS8WEtaQIzkwR0xHHwi7NFjg,Super Tire,"1981 Bank St, Ottawa, ON K1V 1P2, Canada",(613) 248-1374,,4.7,660.0,45.366357,-75.660364,https://maps.google.com/?cid=4041643316331614675&g_mp=Cidnb29nbGUubWFwcy5wbGFjZXMudjEuUGxhY2VzLlNlYXJjaFRleHQQAhgEIAA
ChIJBawHa6IPzkwRZrmrPY-Idz4,Kal Tire,"2825 Sheffield Rd, Ottawa, ON K1B 3V8, Canada",(613) 747-3420,https://www.kaltire.com/en/locations/?store=849-ottawa-store&utm_source=G&utm_medium=LPM&utm_campaign=KalTire,4.4,658.0,45.396622,-75.60005799999999,https://maps.google.com/?cid=4501216501376465254&g_mp=Cidnb29nbGUubWFwcy5wbGFjZXMudjEuUGxhY2VzLlNlYXJjaFRleHQQAhgEIAA
ChIJIcj8438FzkwRR2YidvQyijM,"Avenue Tire Depot Inc - Ottawa, ON","1346 Ave. L, Ottawa, ON K1G 0A2, Canada",(613) 741-8473,https://www.avenuetiredepot.com/,4.4,604.0,45.4170087,-75.6472524,https://maps.google.com/?cid=3713836868255770183&g_mp=Cidnb29nbGUubWFwcy5wbGFjZXMudjEuUGxhY2VzLlNlYXJjaFRleHQQAhgEIAA
ChIJJ9zh3nQPzkwRMGnuqwb3HVU,Sipan Tires & Rims,"715 Industrial Ave, Ottawa, ON K1G 0Z5, Canada",(613) 695-8866,https://sipantire.com/,4.7,548.0,45.410229199999996,-75.6370415,https://maps.google.com/?cid=6133329875574876464&g_mp=Cidnb29nbGUubWFwcy5wbGFjZXMudjEuUGxhY2VzLlNlYXJjaFRleHQQAhgEIAA
ChIJk8UkwxkEzkwRFfnCYOl9JP4,FORWARD AUTO Advanced Car Shop,"1570 Liverpool Ct Bldg 2, Ottawa, ON K1B 3T3, Canada",(613) 266-5739,http://forwardauto.ca/,5.0,536.0,45.413058799999995,-75.6251004,https://maps.google.com/?cid=18312900426099521813&g_mp=Cidnb29nbGUubWFwcy5wbGFjZXMudjEuUGxhY2VzLlNlYXJjaFRleHQQAhgEIAA
ChIJ20VWNL8HzkwRrQQi-eBvoOM,The Wheel Depot Plus and Tires Ottawa,"65 Bentley Ave #14,15&16, Nepean, ON K2E 8B4, Canada",(613) 321-7274,http://www.wheeldepot.ca/,4.4,475.0,45.334849299999995,-75.7175261,https://maps.google.com/?cid=16402232854926460077&g_mp=Cidnb29nbGUubWFwcy5wbGFjZXMudjEuUGxhY2VzLlNlYXJjaFRleHQQAhgEIAA
ChIJL65DPaoIzkwRizDFUxhs9Wg,Active Green+Ross Tire & Automotive Centre,"1670 Bank St, Ottawa, ON K1V 7Y6, Canada",(613) 731-0409,https://www.activegreenross.com/tire-centre/ottawa/18-1670-bank-st-ottawa,4.6,440.0,45.3759813,-75.66656379999999,https://maps.google.com/?cid=7563070000979062923&g_mp=Cidnb29nbGUubWFwcy5wbGFjZXMudjEuUGxhY2VzLlNlYXJjaFRleHQQAhgEIAA
ChIJk7k88qIPzkwR4gB4J-FRcWo,Tire Trade,"1398 Star Top Rd, Gloucester, ON K1B 3L9, Canada",(613) 749-0088,http://tiretrade.ca/,4.7,424.0,45.4185259,-75.61945,https://maps.google.com/?cid=7670001667860332770&g_mp=Cidnb29nbGUubWFwcy5wbGFjZXMudjEuUGxhY2VzLlNlYXJjaFRleHQQAhgEIAA
ChIJaXY0wuUFzkwR9R2xC2cxMvI,Jiffy Lube Ottawa,"1305 Bank St, Ottawa, ON K1S 3Y2, Canada",(613) 737-6887,https://jiffylubeontario.com/location/ottawa-1305-bank-street/?utm_source=GMB&utm_medium=organic&utm_campaign=ottawa_bank-street&utm_content=website,4.0,393.0,45.390496999999996,-75.6791717,https://maps.google.com/?cid=17452065824661642741&g_mp=Cidnb29nbGUubWFwcy5wbGFjZXMudjEuUGxhY2VzLlNlYXJjaFRleHQQAhgEIAA
ChIJuflFmPoGzkwRocAs1TmC1Uo,Kal Tire,"1377 Clyde Ave., Nepean, ON K2G 3H7, Canada",(613) 224-2200,https://www.kaltire.com/en/locations/?store=830-nepean-store&utm_source=G&utm_medium=LPM&utm_campaign=KalTire,4.3,361.0,45.3601178,-75.738632,https://maps.google.com/?cid=5392359313747263649&g_mp=Cidnb29nbGUubWFwcy5wbGFjZXMudjEuUGxhY2VzLlNlYXJjaFRleHQQAhgEIAA
ChIJt7ShBC4QzkwRVVu8sISfpBc,Ottawa Tires and Rims,"5370 Canotek Rd, Gloucester, ON K1J 9E9, Canada",(613) 745-3030,http://www.ottawatiresandrims.ca/,4.8,337.0,45.455918000000004,-75.5825086,https://maps.google.com/?cid=1703661951302523733&g_mp=Cidnb29nbGUubWFwcy5wbGFjZXMudjEuUGxhY2VzLlNlYXJjaFRleHQQAhgEIAA
ChIJMa90VVIHzkwR4auRSPq7pIY,Urban Reifen - Tires and Wheels Ottawa,"1380 Baseline Rd, Nepean, ON K2C 0A9, Canada",(613) 697-5279,http://www.urbanreifen.com/,4.9,333.0,45.3619972,-75.7375216,https://maps.google.com/?cid=9702086180896615393&g_mp=Cidnb29nbGUubWFwcy5wbGFjZXMudjEuUGxhY2VzLlNlYXJjaFRleHQQAhgEIAA
ChIJs6tUIP0FzkwRCEQx95yw5vE,Emergency Tire Repair Service,"450 Terminal Ave., Ottawa, ON K1G 0Z2, Canada",(613) 703-0627,https://247trucks.ca/,4.9,316.0,45.413146499999996,-75.6496399,https://maps.google.com/?cid=17430813595992671240&g_mp=Cidnb29nbGUubWFwcy5wbGFjZXMudjEuUGxhY2VzLlNlYXJjaFRleHQQAhgEIAA
ChIJaaTsVmAFzkwRo5qYfkibSsY,Ottawa Tire,"575 McArthur Ave., Ottawa, ON K1K 1G3, Canada",(613) 842-0808,,4.6,264.0,45.4329228,-75.6426752,https://maps.google.com/?cid=14288403503450200739&g_mp=Cidnb29nbGUubWFwcy5wbGFjZXMudjEuUGxhY2VzLlNlYXJjaFRleHQQAhgEIAA
ChIJ1emhS4cFzkwRsQW3lcg3y3A,Kal Tire,"425 Industrial Ave, Ottawa, ON K1G 0Z1, Canada",(613) 521-8681,https://www.kaltire.com/en/locations/?store=833-ottawa-store&utm_source=G&utm_medium=LPM&utm_campaign=KalTire,4.3,247.0,45.412023,-75.6508576,https://maps.google.com/?cid=8127651287164978609&g_mp=Cidnb29nbGUubWFwcy5wbGFjZXMudjEuUGxhY2VzLlNlYXJjaFRleHQQAhgEIAA
ChIJITU8F1gPzkwRXuLnXRKVyiM,Y H TIRES,"2350 Stevenage Dr Unit 3, Ottawa, ON K1G 3W3, Canada",(437) 602-5513,,5.0,226.0,45.3798154,-75.6087733,https://maps.google.com/?cid=2579037642740458078&g_mp=Cidnb29nbGUubWFwcy5wbGFjZXMudjEuUGxhY2VzLlNlYXJjaFRleHQQAhgEIAA
ChIJ2wn970gEzkwRF-3lC6WzCxQ,Kal Tire,"890 Somerset St W, Ottawa, ON K1R 6R7, Canada",(613) 236-0511,https://www.kaltire.com/en/locations/?store=832-ottawa-store&utm_source=G&utm_medium=LPM&utm_campaign=KalTire,4.4,214.0,45.4083161,-75.7136682,https://maps.google.com/?cid=1444445626952969495&g_mp=Cidnb29nbGUubWFwcy5wbGFjZXMudjEuUGxhY2VzLlNlYXJjaFRleHQQAhgEIAA
ChIJC21k_TsJzkwRhI_mzjsOV7I,Southkeys Tires and Brakes,"2638 Mac St, Ottawa, ON K1V 8V1, Canada",(613) 523-7844,,4.2,210.0,45.349041899999996,-75.65185199999999,https://maps.google.com/?cid=12850755711762075524&g_mp=Cidnb29nbGUubWFwcy5wbGFjZXMudjEuUGxhY2VzLlNlYXJjaFRleHQQAhgEIAA
ChIJfb7PrhwFzkwRAs8g4LD4j2E,Spark Auto,"96 Nelson St, Ottawa, ON K1N 5T8, Canada",(613) 744-7647,http://sparkautorepair.com/,4.5,199.0,45.4309953,-75.6855267,https://maps.google.com/?cid=7030110981906812674&g_mp=Cidnb29nbGUubWFwcy5wbGFjZXMudjEuUGxhY2VzLlNlYXJjaFRleHQQAhgEIAA
ChIJjRLwthsJzkwRekQ31btW17Y,Kal Tire,"1780 Queensdale Ave, Ottawa, ON K1T 1J8, Canada",(613) 521-4080,https://www.kaltire.com/en/locations/?store=834-ottawa-store&utm_source=G&utm_medium=LPM&utm_campaign=KalTire,4.4,193.0,45.3489797,-75.6212087,https://maps.google.com/?cid=13175094599631717498&g_mp=Cidnb29nbGUubWFwcy5wbGFjZXMudjEuUGxhY2VzLlNlYXJjaFRleHQQAhgEIAA
ChIJZUgU7LsGzkwRu_CIqlMi9QY,AV-VARGAS TIRE,"814 Boyd Ave, Ottawa, ON K2A 2C7, Canada",(613) 680-8437,,4.8,190.0,45.3776768,-75.7519085,https://maps.google.com/?cid=501344676260409531&g_mp=Cidnb29nbGUubWFwcy5wbGFjZXMudjEuUGxhY2VzLlNlYXJjaFRleHQQAhgEIAA
ChIJc5tR5GcFzkwRk00QuTnV_-o,TechTire,"447 Catherine St, Ottawa, ON K1R 5T7, Canada",(437) 994-0473,https://www.techtire.ca/,4.8,185.0,45.406219199999995,-75.7007369,https://maps.google.com/?cid=16933487567831059859&g_mp=Cidnb29nbGUubWFwcy5wbGFjZXMudjEuUGxhY2VzLlNlYXJjaFRleHQQAhgEIAA
ChIJf3FC9bMFzkwR-NkCCFH6s6k,OttawaTiresDirect.com,"1049 Belfast Rd, Ottawa, ON K1B 3S2, Canada",(613) 799-6155,http://www.ottawatiresdirect.com/,4.4,176.0,45.412622899999995,-75.62814639999999,https://maps.google.com/?cid=12228392639174728184&g_mp=Cidnb29nbGUubWFwcy5wbGFjZXMudjEuUGxhY2VzLlNlYXJjaFRleHQQAhgEIAA
ChIJ39H7T2APzkwR6KftDbm5CCE,Tire 'N' Rim City,"2200 Thurston Dr, Ottawa, ON K1G 6E1, Canada",(613) 247-8000,http://tirenrimcity.ca/,4.9,161.0,45.3798549,-75.61971559999999,https://maps.google.com/?cid=2380356607519074280&g_mp=Cidnb29nbGUubWFwcy5wbGFjZXMudjEuUGxhY2VzLlNlYXJjaFRleHQQAhgEIAA
ChIJyb_kNCkHzkwRto8IgDwpv6g,Mobile Tire Repair Ottawa,"1405 Prince of Wales Dr, Ottawa, ON K2C 3J9, Canada",(613) 601-6471,https://mobiletirerepairottawa.ca/,4.9,149.0,45.3703218,-75.70157569999999,https://maps.google.com/?cid=12159482858746449846&g_mp=Cidnb29nbGUubWFwcy5wbGFjZXMudjEuUGxhY2VzLlNlYXJjaFRleHQQAhgEIAA
ChIJh_6IQE8PzkwRegULbRrFn1I,Titanium Tires,"Mobile, Ottawa, ON K1G 5J7, Canada",(613) 501-1819,https://titaniumtires.com/,4.9,141.0,45.3769485,-75.61516639999999,https://maps.google.com/?cid=5953693949696345466&g_mp=Cidnb29nbGUubWFwcy5wbGFjZXMudjEuUGxhY2VzLlNlYXJjaFRleHQQAhgEIAA
ChIJAQ2D3S39zUwR6cXQyt0Gctk,QuickStop Tire Ottawa,"8 Cedarow Ct, Stittsville, ON K2S 1V6, Canada",(613) 800-8854,https://quickstoptireottawa.ca/,4.6,132.0,45.28097280000001,-75.917706,https://maps.google.com/?cid=15668593603235595753&g_mp=Cidnb29nbGUubWFwcy5wbGFjZXMudjEuUGxhY2VzLlNlYXJjaFRleHQQAhgEIAA
ChIJE4tvjiYPzkwRGqbrCmX9pyM,My Tires And Rims,"2285 St. Laurent Blvd b20, Ottawa, ON K1G 4K1, Canada",(613) 260-1112,https://mytiresandrimsltd.com/,3.1,115.0,45.385657599999995,-75.6137554,https://maps.google.com/?cid=2569300722854897178&g_mp=Cidnb29nbGUubWFwcy5wbGFjZXMudjEuUGxhY2VzLlNlYXJjaFRleHQQAhgEIAA
ChIJgfcCLBMFzkwRY89gTFLQZJ0,VINETTE AUTO SERVICE,"52 McArthur Ave., Ottawa, ON K1L 6P9, Canada",(613) 741-6282,http://www.vinetteautoservice.com/,4.8,101.0,45.430619,-75.665764,https://maps.google.com/?cid=11341418813513060195&g_mp=Cidnb29nbGUubWFwcy5wbGFjZXMudjEuUGxhY2VzLlNlYXJjaFRleHQQAhgEIAA
ChIJwcNG9kIFzkwRdhX2dVgOoOw,Scott Street Auto,"1484B Scott St, Ottawa, ON K1Y 2N4, Canada",(613) 981-7534,https://www.scottstauto.com/,4.9,96.0,45.4052099,-75.7303022,https://maps.google.com/?cid=17050643962323670390&g_mp=Cidnb29nbGUubWFwcy5wbGFjZXMudjEuUGxhY2VzLlNlYXJjaFRleHQQAhgEIAA
ChIJj_z51GwFzkwR8t_vfmu6I_g,Goodyear,"52 McArthur Ave., Vanier, ON K1L 6P9, Canada",(613) 741-6282,https://www.goodyear.ca/,4.6,82.0,45.430624099999996,-75.66565059999999,https://maps.google.com/?cid=17880339916444917746&g_mp=Cidnb29nbGUubWFwcy5wbGFjZXMudjEuUGxhY2VzLlNlYXJjaFRleHQQAhgEIAA
ChIJ1UmrRfEGzkwRz4lj1s52hl4,TirePlus Signature Tire Ottawa,"1292 Baseline Rd, Ottawa, ON K2C 0R5, Canada",(613) 744-7533,http://signaturetire.ca/dealer/tireplus-signature-tire-ottawa/,3.3,79.0,45.3639662,-75.7331205,https://maps.google.com/?cid=6811262117176641999&g_mp=Cidnb29nbGUubWFwcy5wbGFjZXMudjEuUGxhY2VzLlNlYXJjaFRleHQQAhgEIAA
ChIJ7fEJxEIFzkwRwR0dtvA_u1M,AUTO PAPA,"66 Lebreton St N, Ottawa, ON K1R 7H4, Canada",(343) 202-7851,https://autopapa.ca/,5.0,70.0,45.4083265,-75.7089903,https://maps.google.com/?cid=6033486428872973761&g_mp=Cidnb29nbGUubWFwcy5wbGFjZXMudjEuUGxhY2VzLlNlYXJjaFRleHQQAhgEIAA
ChIJN2RxiboFzkwR_mh6a1OLQaM,Griffin Automotive Service Ltd,"461 O'Connor St, Ottawa, ON K1S 1V5, Canada",(613) 234-6124,https://www.griffinauto.ca/,5.0,59.0,45.409619299999996,-75.6884688,https://maps.google.com/?cid=11763836892070177022&g_mp=Cidnb29nbGUubWFwcy5wbGFjZXMudjEuUGxhY2VzLlNlYXJjaFRleHQQAhgEIAA
ChIJZejbx2TgzUwRXdTZxmUGYgE,K&S Kelly TIRECRAFT,"2590 Blackwell St, Ottawa, ON K1B 5R1, Canada",(343) 774-2052,https://tirecraft.com/ks-kelly-tirecraft/,4.1,55.0,45.4043863,-75.61003199999999,https://maps.google.com/?cid=99649175953200221&g_mp=Cidnb29nbGUubWFwcy5wbGFjZXMudjEuUGxhY2VzLlNlYXJjaFRleHQQAhgEIAA
ChIJp2XKy4wHQCYR_bmApGqnQZE,Trillion Tires,"4020 Leitrim Rd, Ottawa, ON K1G 3N4, Canada",(613) 466-7146,https://trilliontires.com/,4.9,39.0,45.3454561,-75.56507189999999,https://maps.google.com/?cid=10466831085454014973&g_mp=Cidnb29nbGUubWFwcy5wbGFjZXMudjEuUGxhY2VzLlNlYXJjaFRleHQQAhgEIAA
ChIJP2Kr9yYPzkwRAehhq2A35rA,Golden Tire Inc,"2285 St. Laurent Blvd, Ottawa, ON K1G 4Z4, Canada",(613) 247-4444,https://m.facebook.com/pages/Golden-Tire/539494862734420,2.9,32.0,45.3857593,-75.61411609999999,https://maps.google.com/?cid=12746936683650476033&g_mp=Cidnb29nbGUubWFwcy5wbGFjZXMudjEuUGxhY2VzLlNlYXJjaFRleHQQAhgEIAA
ChIJ14rLDjoLzkwRx0t3lo2_mLI,Tires on Fire,"4020 Leitrim Rd Unit B, Ottawa, ON K1G 3N4, Canada",(343) 998-5678,https://www.tiresonfire.ca/,4.8,27.0,45.3454622,-75.5651321,https://maps.google.com/?cid=12869246550046886855&g_mp=Cidnb29nbGUubWFwcy5wbGFjZXMudjEuUGxhY2VzLlNlYXJjaFRleHQQAhgEIAA
ChIJ7ZJavIgHzkwROU46D4Fxhws,J S AUTO TIRES,"1346 Wellington St. W, Ottawa, ON K1Y 3C1, Canada",(613) 912-9675,,3.5,8.0,45.3980335,-75.7383384,https://maps.google.com/?cid=830757455393345081&g_mp=Cidnb29nbGUubWFwcy5wbGFjZXMudjEuUGxhY2VzLlNlYXJjaFRleHQQAhgEIAA
ChIJDZkd0w0HzkwRgaILJhbsPfc,Emergency Tire Repair Service Ottawa,"1316 Carling Ave, Ottawa, ON K1Z 7L1, Canada",(613) 909-7444,https://emergencytirerepairservice.com/,5.0,8.0,45.385588899999995,-75.7345544,https://maps.google.com/?cid=17815655280819282561&g_mp=Cidnb29nbGUubWFwcy5wbGFjZXMudjEuUGxhY2VzLlNlYXJjaFRleHQQAhgEIAA
ChIJu3Cp8UgEzkwRwTX_UyROjC4,Cooper Tires,"119 Preston St, Ottawa, ON K1R 7P3, Canada",,,5.0,3.0,45.4082989,-75.71376479999999,https://maps.google.com/?cid=3354141740419200449&g_mp=Cidnb29nbGUubWFwcy5wbGFjZXMudjEuUGxhY2VzLlNlYXJjaFRleHQQAhgEIAA
ChIJ0TtVRAEPzkwRlbIvkY5d5iI,Tyre Centre,"953 Gladstone Ave, Ottawa, ON K1Y 3E5, Canada",(613) 777-5955,,3.0,2.0,45.403932,-75.7154644,https://maps.google.com/?cid=2514800308835562133&g_mp=Cidnb29nbGUubWFwcy5wbGFjZXMudjEuUGxhY2VzLlNlYXJjaFRleHQQAhgEIAA
ChIJpeyMtdIFzkwRzdWTE8YJ7Vc,Truck Tire Service Ottawa,"371 McLeod St Floor 3, Ottawa, ON K2P 1A2, Canada",(343) 804-5258,https://tirechangeottawa.site/,5.0,1.0,45.4114447,-75.69261689999999,https://maps.google.com/?cid=6335730997116786125&g_mp=Cidnb29nbGUubWFwcy5wbGFjZXMudjEuUGxhY2VzLlNlYXJjaFRleHQQAhgEIAA
ChIJ_xbAbMEFzkwRQ0NX6kLj45U,Mobile Tire Repair Downtown Ottawa,"135 Queen St Floor 3, Ottawa, ON K1P 5N5, Canada",(343) 633-1101,,5.0,1.0,45.420836699999995,-75.6991645,https://maps.google.com/?cid=10800726207903515459&g_mp=Cidnb29nbGUubWFwcy5wbGFjZXMudjEuUGxhY2VzLlNlYXJjaFRleHQQAhgEIAA
ChIJYUDGEqYFzkwRRu2f3yiNyO8,Emergency Mobile Tire Repair The Glebe,"840 Bank St Unit 6a, Ottawa, ON K1S 2M8, Canada",(343) 633-0371,,5.0,1.0,45.4018606,-75.6879629,https://maps.google.com/?cid=17278215177096916294&g_mp=Cidnb29nbGUubWFwcy5wbGFjZXMudjEuUGxhY2VzLlNlYXJjaFRleHQQAhgEIAA
ChIJmR7a_7sPzkwRkDM602ElrVo,Mobile Tire Changer Riverside South,"2969 Fairlea Cres Unit 801, Ottawa, ON K1V 9N2, Canada",(613) 986-2009,https://mobiletirechangeottawa.com/,5.0,1.0,45.3774879,-75.64071729999999,https://maps.google.com/?cid=6533919736470320016&g_mp=Cidnb29nbGUubWFwcy5wbGFjZXMudjEuUGxhY2VzLlNlYXJjaFRleHQQAhgEIAA
ChIJdYrP3cIRzkwRD2TstoiLL6g,Omar tires,"1379 Labrie Ave, Ottawa, ON K1B 3M2, Canada",(613) 320-0860,http://www.autospadetailing.ca/,5.0,1.0,45.419495,-75.62236899999999,https://maps.google.com/?cid=12119058541578052623&g_mp=Cidnb29nbGUubWFwcy5wbGFjZXMudjEuUGxhY2VzLlNlYXJjaFRleHQQAhgEIAA
ChIJZftE7V0FzkwR5Qrmra4vnPk,Flat Tire Repair Ottawa,"1130 Wellington St. W Unit 5, Ottawa, ON K1Y 2Z3, Canada",(613) 209-9976,,,,45.4016727,-75.72671930000001,https://maps.google.com/?cid=17986303439099267813&g_mp=Cidnb29nbGUubWFwcy5wbGFjZXMudjEuUGxhY2VzLlNlYXJjaFRleHQQAhgEIAA
ChIJq_5nxJkFzkwRLTjOa0KpbQg,Emergency Mobile Tire Repair Centretown,"372 McLeod St Fl 1, Ottawa, ON K2P 1A2, Canada",(343) 633-1117,,,,45.411519999999996,-75.69207999999999,https://maps.google.com/?cid=607327627506497581&g_mp=Cidnb29nbGUubWFwcy5wbGFjZXMudjEuUGxhY2VzLlNlYXJjaFRleHQQAhgEIAA
ChIJRRCrzwAPzkwRKqZkl0MGZz4,Mobile Tire Ottawa,"1980 Ogilvie Rd, Gloucester, ON K1J 9L3, Canada",(343) 947-1225,https://mobiletireottawa.ca/,,,45.432036499999995,-75.6096147,https://maps.google.com/?cid=4496569640325260842&g_mp=Cidnb29nbGUubWFwcy5wbGFjZXMudjEuUGxhY2VzLlNlYXJjaFRleHQQAhgEIAA
ChIJLU81TdAPzkwRoLv7bpFs8ew,Tireland Ottawa,"1665 Russell Rd, Ottawa, ON K1G 0N1, Canada",(613) 663-5750,https://tirelandottawa.com/,,,45.4078204,-75.634388,https://maps.google.com/?cid=17073547034226310048&g_mp=Cidnb29nbGUubWFwcy5wbGFjZXMudjEuUGxhY2VzLlNlYXJjaFRleHQQAhgEIAA
